1,0000001.md5,/books/Beginning_Responsive_Web_Design/Chapter_1/button.html
1,0000002.md5,/books/Beginning_Responsive_Web_Design/Chapter_1/gradient-panel.html
1,0000003.md5,/books/Beginning_Responsive_Web_Design/Chapter_3/Mobile_First_Site/mobile-first.html
1,0000004.md5,/books/Beginning_Responsive_Web_Design/Chapter_3/Target_Pixel_Density/high-res-images.html
1,0000005.md5,/books/Beginning_Responsive_Web_Design/Chapter_4/CSS_Columns_with_Linear_Gradient/csscolumnsthree.html
1,0000006.md5,/books/Beginning_Responsive_Web_Design/Chapter_4/Fluid_Design/fluid-design.html
1,0000007.md5,/books/Beginning_Responsive_Web_Design/Chapter_4/Responsive_Grid/responsive-grid.html
1,0000008.md5,/books/Beginning_Responsive_Web_Design/Chapter_6/Adapt/index.html
1,0000009.md5,/books/Beginning_Responsive_Web_Design/Chapter_6/Refactor/index.html
1,0000010.md5,/books/Beginning_Responsive_Web_Design/Chapter_6/Reskin/index.html
1,0000011.md5,/books/Beginning_Responsive_Web_Design/Chapter_10/Sprites/sprite.html
1,0000012.md5,/books/CSS_In_Depth/ch01/listing-1.21.html
1,0000013.md5,/books/CSS_In_Depth/ch02/listing-2.9.html
1,0000014.md5,/books/CSS_In_Depth/ch02/listing-2.15.html
1,0000015.md5,/books/CSS_In_Depth/ch02/listing-2.16.html
1,0000016.md5,/books/CSS_In_Depth/ch02/listing-2.18.html
1,0000017.md5,/books/CSS_In_Depth/ch02/listing-2.31.html
1,0000018.md5,/books/CSS_In_Depth/ch03/listing-3.21.html
1,0000019.md5,/books/CSS_In_Depth/ch04/listing-4.14.html
1,0000020.md5,/books/CSS_In_Depth/ch04/listing-4.16.html
1,0000021.md5,/books/CSS_In_Depth/ch04/listing-4.17.html
1,0000022.md5,/books/CSS_In_Depth/ch05/listing-5.11.html
1,0000023.md5,/books/CSS_In_Depth/ch06/listing-6.5.html
1,0000024.md5,/books/CSS_In_Depth/ch06/listing-6.6.html
1,0000025.md5,/books/CSS_In_Depth/ch06/listing-6.7.html
1,0000026.md5,/books/CSS_In_Depth/ch06/listing-6.9.html
1,0000027.md5,/books/CSS_In_Depth/ch06/listing-6.10.html
1,0000028.md5,/books/CSS_In_Depth/ch07/listing-7.8.html
1,0000029.md5,/books/CSS_In_Depth/ch07/listing-7.10.html
1,0000030.md5,/books/CSS_In_Depth/ch07/listing-7.12.html
1,0000031.md5,/books/CSS_In_Depth/ch08/listing-8.14.html
1,0000032.md5,/books/CSS_In_Depth/ch08/listing-8.15.html
1,0000033.md5,/books/CSS_In_Depth/ch08/listing-8.16.html
1,0000034.md5,/books/CSS_In_Depth/ch09/listing-9.10.html
1,0000035.md5,/books/CSS_In_Depth/ch09/listing-9.13.html
1,0000036.md5,/books/CSS_In_Depth/ch10/index.html
1,0000037.md5,/books/CSS_In_Depth/ch10/section-buttons.html
1,0000038.md5,/books/CSS_In_Depth/ch10/section-dropdown.html
1,0000039.md5,/books/CSS_In_Depth/ch10/section-media.html
1,0000040.md5,/books/CSS_In_Depth/ch10/section-menu.html
1,0000041.md5,/books/CSS_In_Depth/ch10/section-message.html
1,0000042.md5,/books/CSS_In_Depth/ch10/section-utilities.html
1,0000043.md5,/books/CSS_In_Depth/ch11/listing-11.04.html
1,0000044.md5,/books/CSS_In_Depth/ch11/listing-11.05.html
1,0000045.md5,/books/CSS_In_Depth/ch11/listing-11.06.html
1,0000046.md5,/books/CSS_In_Depth/ch11/listing-11.07.html
1,0000047.md5,/books/CSS_In_Depth/ch11/listing-11.09.html
1,0000048.md5,/books/CSS_In_Depth/ch11/listing-11.10.html
1,0000049.md5,/books/CSS_In_Depth/ch11/listing-11.11.html
1,0000050.md5,/books/CSS_In_Depth/ch11/listing-11.13.html
1,0000051.md5,/books/CSS_In_Depth/ch11/listing-11.14.html
1,0000052.md5,/books/CSS_In_Depth/ch11/listing-11.15.html
1,0000053.md5,/books/CSS_In_Depth/ch11/listing-11.17.html
1,0000054.md5,/books/CSS_In_Depth/ch12/listing-12.12.html
1,0000055.md5,/books/CSS_In_Depth/ch13/listing-13.11.html
1,0000056.md5,/books/CSS_In_Depth/ch15/listing-15.03.html
1,0000057.md5,/books/CSS_In_Depth/ch15/listing-15.05.html
1,0000058.md5,/books/CSS_In_Depth/ch15/listing-15.06.html
1,0000059.md5,/books/CSS_In_Depth/ch15/listing-15.07.html
1,0000060.md5,/books/CSS_In_Depth/ch15/listing-15.10.html
1,0000061.md5,/books/CSS_In_Depth/ch16/listing-16.6.html
1,0000062.md5,/books/CSS_In_Depth/ch16/listing-16.7.html
1,0000063.md5,/books/CSS_In_Depth/ch16/listing-16.16.html
1,0000064.md5,/books/CSS_Mastery/chapter-01/01-XX-conditional-rule-block.html
1,0000065.md5,/books/CSS_Mastery/chapter-02/02-01-folders.html
1,0000066.md5,/books/CSS_Mastery/chapter-02/02-03-pseudo-elements.html
1,0000067.md5,/books/CSS_Mastery/chapter-02/02-04-nth-child-table.html
1,0000068.md5,/books/CSS_Mastery/chapter-02/02-06-form-pseudo-classes-validity.html
1,0000069.md5,/books/CSS_Mastery/chapter-02/02-07-specificity-arms-race.html
1,0000070.md5,/books/CSS_Mastery/chapter-03/03-15-float-disappearing.html
1,0000071.md5,/books/CSS_Mastery/chapter-03/03-20-media-object-micro-clearfix.html
1,0000072.md5,/books/CSS_Mastery/chapter-03/03-20-media-object-no-clearing.html
1,0000073.md5,/books/CSS_Mastery/chapter-03/03-21-media-object-with-formatting-context.html
1,0000074.md5,/books/CSS_Mastery/chapter-04/04-02-basic-typeset-document.html
1,0000075.md5,/books/CSS_Mastery/chapter-04/04-06-vertical-align-values.html
1,0000076.md5,/books/CSS_Mastery/chapter-04/04-12-text-align-justify.html
1,0000077.md5,/books/CSS_Mastery/chapter-04/04-15-multi-column-document.html
1,0000078.md5,/books/CSS_Mastery/chapter-04/04-16-multi-column-heading-span-document.html
1,0000079.md5,/books/CSS_Mastery/chapter-04/04-18-multi-column-vertical-rhythm.html
1,0000080.md5,/books/CSS_Mastery/chapter-04/04-20-webfont-document.html
1,0000081.md5,/books/CSS_Mastery/chapter-05/05-04-finished-example.html
1,0000082.md5,/books/CSS_Mastery/chapter-05/05-05-initial-header-example.html
1,0000083.md5,/books/CSS_Mastery/chapter-05/05-06-bigger-image-header-example.html
1,0000084.md5,/books/CSS_Mastery/chapter-05/05-08-new-background-position-syntax.html
1,0000085.md5,/books/CSS_Mastery/chapter-05/05-09-background-clip.html
1,0000086.md5,/books/CSS_Mastery/chapter-05/05-10-fixed-background-attachment.html
1,0000087.md5,/books/CSS_Mastery/chapter-05/05-11-background-size-percentages.html
1,0000088.md5,/books/CSS_Mastery/chapter-05/05-13-background-size-cover-position.html
1,0000089.md5,/books/CSS_Mastery/chapter-05/05-14-multiple-backgrounds.html
1,0000090.md5,/books/CSS_Mastery/chapter-05/05-16-border-profile-example.html
1,0000091.md5,/books/CSS_Mastery/chapter-05/05-17-border-radius-single-corner.html
1,0000092.md5,/books/CSS_Mastery/chapter-05/05-18-border-radius-circle.html
1,0000093.md5,/books/CSS_Mastery/chapter-05/05-19-pill-shape-obrund.html
1,0000094.md5,/books/CSS_Mastery/chapter-05/05-20-border-image.html
1,0000095.md5,/books/CSS_Mastery/chapter-05/05-22-box-shadow-profile-photo.html
1,0000096.md5,/books/CSS_Mastery/chapter-05/05-25-multiple-shadows-zero-blur.html
1,0000097.md5,/books/CSS_Mastery/chapter-05/05-26-linear-gradient-profile-box.html
1,0000098.md5,/books/CSS_Mastery/chapter-05/05-27-linear-gradient-diagonal-profile-box.html
1,0000099.md5,/books/CSS_Mastery/chapter-05/05-28-radial-gradient-profile-box.html
1,0000100.md5,/books/CSS_Mastery/chapter-05/05-29-radial-gradient-profile-box-defaults.html
1,0000101.md5,/books/CSS_Mastery/chapter-05/05-30-repeating-gradients.html
1,0000102.md5,/books/CSS_Mastery/chapter-05/05-32-repeating-pattern.html
1,0000103.md5,/books/CSS_Mastery/chapter-05/05-35-img-maxwidth.html
1,0000104.md5,/books/CSS_Mastery/chapter-05/05-37-object-fit.html
1,0000105.md5,/books/CSS_Mastery/chapter-06/06-01-position-absolute-comments.html
1,0000106.md5,/books/CSS_Mastery/chapter-06/06-05-position-absolute-overlay-sizing.html
1,0000107.md5,/books/CSS_Mastery/chapter-06/06-09-floated-image-nudge.html
1,0000108.md5,/books/CSS_Mastery/chapter-06/06-10-floated-image-sidebyside.html
1,0000109.md5,/books/CSS_Mastery/chapter-06/06-11-floated-image-sidebyside-reverse.html
1,0000110.md5,/books/CSS_Mastery/chapter-06/06-19-inline-block-article-share.html
1,0000111.md5,/books/CSS_Mastery/chapter-06/06-20-inline-block-navbar-broken.html
1,0000112.md5,/books/CSS_Mastery/chapter-06/06-21-1-table-display-navbar.html
1,0000113.md5,/books/CSS_Mastery/chapter-06/06-21-inline-block-navbar-fontfix.html
1,0000114.md5,/books/CSS_Mastery/chapter-06/06-22-table-display-navbar-vertical-align.html
1,0000115.md5,/books/CSS_Mastery/chapter-06/06-24-flexbox-navbar-nowidth.html
1,0000116.md5,/books/CSS_Mastery/chapter-06/06-25-flexbox-navbar-row-reverse.html
1,0000117.md5,/books/CSS_Mastery/chapter-06/06-26-flexbox-navbar-justify-flexend.html
1,0000118.md5,/books/CSS_Mastery/chapter-06/06-27-flexbox-navbar-justify-center.html
1,0000119.md5,/books/CSS_Mastery/chapter-06/06-28-flexbox-navbar-justify-spacebetween.html
1,0000120.md5,/books/CSS_Mastery/chapter-06/06-29-flexbox-navbar-justify-spacearound.html
1,0000121.md5,/books/CSS_Mastery/chapter-06/06-30-flexbox-navbar-marginauto.html
1,0000122.md5,/books/CSS_Mastery/chapter-06/06-31-flexbox-navbar-align-stretch.html
1,0000123.md5,/books/CSS_Mastery/chapter-06/06-32-flexbox-navbar-align-start.html
1,0000124.md5,/books/CSS_Mastery/chapter-06/06-33-flexbox-navbar-align-center.html
1,0000125.md5,/books/CSS_Mastery/chapter-06/06-34-flexbox-navbar-align-end.html
1,0000126.md5,/books/CSS_Mastery/chapter-06/06-35-flexbox-navbar-align-baseline.html
1,0000127.md5,/books/CSS_Mastery/chapter-06/06-36-flexbox-navbar-align-self.html
1,0000128.md5,/books/CSS_Mastery/chapter-06/06-37-flexbox-vertical-centering.html
1,0000129.md5,/books/CSS_Mastery/chapter-06/06-38-flexbox-vertical-centering-author-info.html
1,0000130.md5,/books/CSS_Mastery/chapter-06/06-44-flexbox-navbar-flexsize-grow-2-1.html
1,0000131.md5,/books/CSS_Mastery/chapter-06/06-47-flexbox-taglist-wrap.html
1,0000132.md5,/books/CSS_Mastery/chapter-06/06-48-flexbox-taglist-wrap-row-reverse.html
1,0000133.md5,/books/CSS_Mastery/chapter-06/06-49-flexbox-taglist-wrap-reverse-row-reverse.html
1,0000134.md5,/books/CSS_Mastery/chapter-06/06-50-flexbox-taglist-wrap-flex.html
1,0000135.md5,/books/CSS_Mastery/chapter-06/06-52-flexbox-taglist-wrap-flex-max-width.html
1,0000136.md5,/books/CSS_Mastery/chapter-06/06-53-1-flexbox-taglist-wrap-align-content-flex-end.html
1,0000137.md5,/books/CSS_Mastery/chapter-06/06-53-flexbox-taglist-wrap-align-content-stretch.html
1,0000138.md5,/books/CSS_Mastery/chapter-06/06-54-flexbox-column-order-teaser.html
1,0000139.md5,/books/CSS_Mastery/chapter-06/06-57-flexbox-nested-teasers-auto-margin.html
1,0000140.md5,/books/CSS_Mastery/chapter-06/06-XX-flexbox-navbar-width.html
1,0000141.md5,/books/CSS_Mastery/chapter-06/06-XX-positioning-stacking-context.html
1,0000142.md5,/books/CSS_Mastery/chapter-07/07-07-float-columns-whole-grid.html
1,0000143.md5,/books/CSS_Mastery/chapter-07/07-08-float-columns-grid-and-content.html
1,0000144.md5,/books/CSS_Mastery/chapter-07/07-10-float-columns-grid-fluid-gutters-broken.html
1,0000145.md5,/books/CSS_Mastery/chapter-07/07-11-float-columns-grid-fluid-gutters.html
1,0000146.md5,/books/CSS_Mastery/chapter-07/07-14-float-columns-grid-elastic-gutters-padding.html
1,0000147.md5,/books/CSS_Mastery/chapter-07/07-16-flexbox-columns-equalheight.html
1,0000148.md5,/books/CSS_Mastery/chapter-07/07-22-grid-layout-alignment.html
1,0000149.md5,/books/CSS_Mastery/chapter-07/07-24-grid-layout-auto.html
1,0000150.md5,/books/CSS_Mastery/chapter-07/07-25-grid-layout-order.html
1,0000151.md5,/books/CSS_Mastery/chapter-07/07-26-1-grid-layout-implicit-auto-sparse.html
1,0000152.md5,/books/CSS_Mastery/chapter-07/07-26-2-grid-layout-implicit-auto-dense.html
1,0000153.md5,/books/CSS_Mastery/chapter-07/07-27-grid-layout-template.html
1,0000154.md5,/books/CSS_Mastery/chapter-07/07-29-grid-layout-template-more-ads.html
1,0000155.md5,/books/CSS_Mastery/chapter-07/07-XX-float-columns-grid-fluid-gutters-padding.html
1,0000156.md5,/books/CSS_Mastery/chapter-07/07-XX-float-columns-grid-wrapping-inline.html
1,0000157.md5,/books/CSS_Mastery/chapter-07/07-XX-grid-layout-align-items.html
1,0000158.md5,/books/CSS_Mastery/chapter-07/07-XX-grid-layout-minmax.html
1,0000159.md5,/books/CSS_Mastery/chapter-08/08-05-responsive-news.html
8,0000160.md5,/books/CSS_Mastery/chapter-08/08-10-max-width-typography.html
1,0000161.md5,/books/CSS_Mastery/chapter-08/08-11-multi-column-text.html
1,0000162.md5,/books/CSS_Mastery/chapter-08/08-13-responsive-flexbox-widget.html
1,0000163.md5,/books/CSS_Mastery/chapter-08/08-17-responsive-news-grid.html
1,0000164.md5,/books/CSS_Mastery/chapter-08/08-18-background-image-media-query.html
1,0000165.md5,/books/CSS_Mastery/chapter-08/08-20-responsive-news-srcset-x.html
1,0000166.md5,/books/CSS_Mastery/chapter-08/08-XX-responsive-news-picture.html
1,0000167.md5,/books/CSS_Mastery/chapter-08/08-XX-responsive-news-srcset.html
1,0000168.md5,/books/CSS_Mastery/chapter-09/09-03-calendar-table.html
1,0000169.md5,/books/CSS_Mastery/chapter-09/09-08-responsive-table.html
1,0000170.md5,/books/CSS_Mastery/chapter-09/09-10-simple-form.html
1,0000171.md5,/books/CSS_Mastery/chapter-09/09-21-advanced-form.html
1,0000172.md5,/books/CSS_The_Missing_Manual/03/selector_basics.html
1,0000173.md5,/books/CSS_The_Missing_Manual/04/inheritance.html
1,0000174.md5,/books/CSS_The_Missing_Manual/05/cascade.html
1,0000175.md5,/books/CSS_The_Missing_Manual/06/text.html
1,0000176.md5,/books/CSS_The_Missing_Manual/07/sidebar.html
1,0000177.md5,/books/CSS_The_Missing_Manual/08/bg_ex/bg_images.html
1,0000178.md5,/books/CSS_The_Missing_Manual/08/caption_ex/caption.html
1,0000179.md5,/books/CSS_The_Missing_Manual/08/gallery_ex/gallery.html
1,0000180.md5,/books/CSS_The_Missing_Manual/08/image_ex/image.html
1,0000181.md5,/books/CSS_The_Missing_Manual/09/links/links.html
1,0000182.md5,/books/CSS_The_Missing_Manual/09/nav_bar/nav_bar.html
1,0000183.md5,/books/CSS_The_Missing_Manual/09/nav_bar/nav_bar_horizontal.html
1,0000184.md5,/books/CSS_The_Missing_Manual/09/nav_bar/nav_bar_vertical.html
1,0000185.md5,/books/CSS_The_Missing_Manual/09/sliding_doors/sliding_doors.html
1,0000186.md5,/books/CSS_The_Missing_Manual/10/form/form.html
1,0000187.md5,/books/CSS_The_Missing_Manual/10/table/table.html
1,0000188.md5,/books/CSS_The_Missing_Manual/12/layout1/index.html
1,0000189.md5,/books/CSS_The_Missing_Manual/12/layout2/index.html
1,0000190.md5,/books/CSS_The_Missing_Manual/13/index.html
1,0000191.md5,/books/CSS_The_Missing_Manual/14/print.html
1,0000192.md5,/books/Grid_by_Example/example1.html
1,0000193.md5,/books/Grid_by_Example/example2.html
1,0000194.md5,/books/Grid_by_Example/example3.html
1,0000195.md5,/books/Grid_by_Example/example11.html
1,0000196.md5,/books/Grid_by_Example/example12.html
1,0000197.md5,/books/Grid_by_Example/example13.html
1,0000198.md5,/books/Grid_by_Example/example14.html
1,0000199.md5,/books/Grid_by_Example/example15.html
1,0000200.md5,/books/Grid_by_Example/example16.html
1,0000201.md5,/books/Grid_by_Example/example17.html
1,0000202.md5,/books/Grid_by_Example/example18.html
1,0000203.md5,/books/Grid_by_Example/example19.html
1,0000204.md5,/books/Grid_by_Example/example20.html
1,0000205.md5,/books/Grid_by_Example/example21.html
1,0000206.md5,/books/Grid_by_Example/example22.html
1,0000207.md5,/books/Grid_by_Example/example23.html
1,0000208.md5,/books/Grid_by_Example/example24.html
1,0000209.md5,/books/Grid_by_Example/example25.html
1,0000210.md5,/books/Grid_by_Example/example26.html
1,0000211.md5,/books/Grid_by_Example/example27.html
1,0000212.md5,/books/Grid_by_Example/example28.html
1,0000213.md5,/books/Grid_by_Example/example29.html
1,0000214.md5,/books/Grid_by_Example/example30.html
1,0000215.md5,/books/Grid_by_Example/example31.html
1,0000216.md5,/books/Grid_by_Example/example32.html
1,0000217.md5,/books/Grid_by_Example/example33.html
1,0000218.md5,/books/Grid_by_Example/example34.html
1,0000219.md5,/books/Grid_by_Example/example35.html
1,0000220.md5,/books/Grid_by_Example/example36.html
1,0000221.md5,/books/Grid_by_Example/example37.html
1,0000222.md5,/books/HTML_and_CSS/chapter-05/aligning-images-horizontally.html
1,0000223.md5,/books/HTML_and_CSS/chapter-05/example.html
1,0000224.md5,/books/HTML_and_CSS/chapter-07/button-and-hidden-controls.html
1,0000225.md5,/books/HTML_and_CSS/chapter-07/example.html
1,0000226.md5,/books/HTML_and_CSS/chapter-07/file-input-box.html
1,0000227.md5,/books/HTML_and_CSS/chapter-07/image-button.html
1,0000228.md5,/books/HTML_and_CSS/chapter-07/labelling-form-controls.html
1,0000229.md5,/books/HTML_and_CSS/chapter-08/example.html
1,0000230.md5,/books/HTML_and_CSS/chapter-11/example.html
1,0000231.md5,/books/HTML_and_CSS/chapter-11/hsla.html
1,0000232.md5,/books/HTML_and_CSS/chapter-11/opacity.html
1,0000233.md5,/books/HTML_and_CSS/chapter-12/example.html
1,0000234.md5,/books/HTML_and_CSS/chapter-12/hover-active-focus.html
1,0000235.md5,/books/HTML_and_CSS/chapter-12/letter-and-word-spacing.html
1,0000236.md5,/books/HTML_and_CSS/chapter-12/link-visited.html
1,0000237.md5,/books/HTML_and_CSS/chapter-12/text-align.html
1,0000238.md5,/books/HTML_and_CSS/chapter-12/text-indent.html
1,0000239.md5,/books/HTML_and_CSS/chapter-12/text-shadow.html
1,0000240.md5,/books/HTML_and_CSS/chapter-12/text-transform.html
1,0000241.md5,/books/HTML_and_CSS/chapter-12/vertical-align.html
1,0000242.md5,/books/HTML_and_CSS/chapter-13/border-color.html
1,0000243.md5,/books/HTML_and_CSS/chapter-13/border-radius.html
1,0000244.md5,/books/HTML_and_CSS/chapter-13/border-style.html
1,0000245.md5,/books/HTML_and_CSS/chapter-13/border-width.html
1,0000246.md5,/books/HTML_and_CSS/chapter-13/box-shadow.html
1,0000247.md5,/books/HTML_and_CSS/chapter-13/centering-content.html
1,0000248.md5,/books/HTML_and_CSS/chapter-13/elliptical-shapes.html
1,0000249.md5,/books/HTML_and_CSS/chapter-13/example.html
1,0000250.md5,/books/HTML_and_CSS/chapter-13/min-width-max-width.html
1,0000251.md5,/books/HTML_and_CSS/chapter-13/white-space-vertical-margin.html
1,0000252.md5,/books/HTML_and_CSS/chapter-13/width-height.html
1,0000253.md5,/books/HTML_and_CSS/chapter-14/aligning-form-controls-solution.html
1,0000254.md5,/books/HTML_and_CSS/chapter-14/empty-cells.html
1,0000255.md5,/books/HTML_and_CSS/chapter-14/example.html
1,0000256.md5,/books/HTML_and_CSS/chapter-14/gaps-between-cells.html
1,0000257.md5,/books/HTML_and_CSS/chapter-14/list-style.html
1,0000258.md5,/books/HTML_and_CSS/chapter-14/list-style-image.html
1,0000259.md5,/books/HTML_and_CSS/chapter-14/list-style-type.html
1,0000260.md5,/books/HTML_and_CSS/chapter-14/list-style-position.html
1,0000261.md5,/books/HTML_and_CSS/chapter-14/styling-fieldsets-and-legends.html
1,0000262.md5,/books/HTML_and_CSS/chapter-14/styling-text-inputs.html
1,0000263.md5,/books/HTML_and_CSS/chapter-14/table-properties.html
1,0000264.md5,/books/HTML_and_CSS/chapter-15/clear.html
1,0000265.md5,/books/HTML_and_CSS/chapter-15/columns-three.html
1,0000266.md5,/books/HTML_and_CSS/chapter-15/columns-two.html
1,0000267.md5,/books/HTML_and_CSS/chapter-15/example.html
1,0000268.md5,/books/HTML_and_CSS/chapter-15/fixed-width-layout.html
1,0000269.md5,/books/HTML_and_CSS/chapter-15/float.html
1,0000270.md5,/books/HTML_and_CSS/chapter-15/float-solution.html
1,0000271.md5,/books/HTML_and_CSS/chapter-15/grid-layout.html
1,0000272.md5,/books/HTML_and_CSS/chapter-15/liquid-layout.html
1,0000273.md5,/books/HTML_and_CSS/chapter-15/multiple-style-sheets-import.html
1,0000274.md5,/books/HTML_and_CSS/chapter-15/position-absolute.html
1,0000275.md5,/books/HTML_and_CSS/chapter-15/position-fixed.html
1,0000276.md5,/books/HTML_and_CSS/chapter-15/position-relative.html
1,0000277.md5,/books/HTML_and_CSS/chapter-15/using-float.html
1,0000278.md5,/books/HTML_and_CSS/chapter-16/aligning-images.html
1,0000279.md5,/books/HTML_and_CSS/chapter-16/background-attachment.html
1,0000280.md5,/books/HTML_and_CSS/chapter-16/background-image-body.html
1,0000281.md5,/books/HTML_and_CSS/chapter-16/background-image-element.html
1,0000282.md5,/books/HTML_and_CSS/chapter-16/background-position-percentage.html
1,0000283.md5,/books/HTML_and_CSS/chapter-16/background-repeat.html
1,0000284.md5,/books/HTML_and_CSS/chapter-16/centering-images.html
1,0000285.md5,/books/HTML_and_CSS/chapter-16/example.html
1,0000286.md5,/books/HTML_and_CSS/chapter-16/image-rollovers-and-sprites.html
1,0000287.md5,/books/HTML_and_CSS/chapter-16/image-sizes.html
1,0000288.md5,/books/HTML_and_CSS/chapter-17/example.html
1,0000289.md5,/books/HTML_and_CSS_VQG/chapter-03/div-with-more-styling.html
1,0000290.md5,/books/HTML_and_CSS_VQG/chapter-04/creating-a-figure-styled.html
1,0000291.md5,/books/HTML_and_CSS_VQG/chapter-04/quoting-text-q-nested.html
1,0000292.md5,/books/HTML_and_CSS_VQG/chapter-04/superscripts.html
1,0000293.md5,/books/HTML_and_CSS_VQG/chapter-04/noting-edits-del-ins-example2.html
1,0000294.md5,/books/HTML_and_CSS_VQG/chapter-04/kbd-samp-var.html
1,0000295.md5,/books/HTML_and_CSS_VQG/chapter-04/preformatted-text.html
1,0000296.md5,/books/HTML_and_CSS_VQG/chapter-04/highlighting-text-example2.html
1,0000297.md5,/books/HTML_and_CSS_VQG/chapter-04/creating-line-break-opportunity.html
1,0000298.md5,/books/HTML_and_CSS_VQG/chapter-04/ruby-annotations.html
1,0000299.md5,/books/HTML_and_CSS_VQG/chapter-04/ruby-annotations-example2.html
1,0000300.md5,/books/HTML_and_CSS_VQG/chapter-04/bdi.html
1,0000301.md5,/books/HTML_and_CSS_VQG/chapter-04/using-meter-to-provide-gauge.html
1,0000302.md5,/books/HTML_and_CSS_VQG/chapter-04/indicating-progress-example2.html
1,0000303.md5,/books/HTML_and_CSS_VQG/chapter-05/transparency-stars-red-gradient-bg.html
1,0000304.md5,/books/HTML_and_CSS_VQG/chapter-06/other-kinds-of-links.html
1,0000305.md5,/books/HTML_and_CSS_VQG/chapter-07/rgba.html
1,0000306.md5,/books/HTML_and_CSS_VQG/chapter-07/hsla.html
1,0000307.md5,/books/HTML_and_CSS_VQG/chapter-10/font-style-italic.html
1,0000308.md5,/books/HTML_and_CSS_VQG/chapter-10/real-italic-vs-faux-italic.html
1,0000309.md5,/books/HTML_and_CSS_VQG/chapter-10/font-weight-bold-numeric-weights.html
1,0000310.md5,/books/HTML_and_CSS_VQG/chapter-10/real-bold-vs-faux-bold.html
1,0000311.md5,/books/HTML_and_CSS_VQG/chapter-10/font-size-rems.html
1,0000312.md5,/books/HTML_and_CSS_VQG/chapter-10/background-img-repeat-x-white-bg.html
1,0000313.md5,/books/HTML_and_CSS_VQG/chapter-10/background-img-repeat-x-black-bg.html
1,0000314.md5,/books/HTML_and_CSS_VQG/chapter-10/background-img-repeat-x-black-bg-2.html
1,0000315.md5,/books/HTML_and_CSS_VQG/chapter-10/background-img-position.html
1,0000316.md5,/books/HTML_and_CSS_VQG/chapter-10/text-indent.html
1,0000317.md5,/books/HTML_and_CSS_VQG/chapter-10/small-caps.html
1,0000318.md5,/books/HTML_and_CSS_VQG/chapter-11/border-styles.html
1,0000319.md5,/books/HTML_and_CSS_VQG/chapter-11/overflow.html
1,0000320.md5,/books/HTML_and_CSS_VQG/chapter-13/example-regular-italic-bold-and-bolditalic.html
1,0000321.md5,/books/HTML_and_CSS_VQG/chapter-14/rounded-corners-more-examples.html
1,0000322.md5,/books/HTML_and_CSS_VQG/chapter-14/opacity-example-2.html
1,0000323.md5,/books/HTML_and_CSS_VQG/chapter-14/sprite.html
1,0000324.md5,/books/HTML_and_CSS_VQG/chapter-15/choosing-where-to-start-numbering.html
1,0000325.md5,/books/HTML_and_CSS_VQG/chapter-16/form.html
1,0000326.md5,/books/HTML_and_CSS_VQG/chapter-16/disabled.html
1,0000327.md5,/books/HTML_and_CSS_VQG/chapter-18/table-evolved-and-styled.html
1,0000328.md5,/books/HTML5_and_CSS3/apps/ch05/town_hall/index.html
1,0000329.md5,/books/HTML5_and_CSS3/apps/ch06/town_hall/index.html
1,0000330.md5,/books/HTML5_and_CSS3/apps/ch06/town_hall/sampson.html
1,0000331.md5,/books/HTML5_and_CSS3/apps/ch07/town_hall/index.html
1,0000332.md5,/books/HTML5_and_CSS3/apps/ch07/town_hall/sampson.html
1,0000333.md5,/books/HTML5_and_CSS3/apps/ch08/town_hall_1/index.html
1,0000334.md5,/books/HTML5_and_CSS3/apps/ch08/town_hall_1/sampson.html
1,0000335.md5,/books/HTML5_and_CSS3/apps/ch08/town_hall_2/index.html
1,0000336.md5,/books/HTML5_and_CSS3/apps/ch08/town_hall_2/sampson.html
1,0000337.md5,/books/HTML5_and_CSS3/apps/ch09/town_hall/index.html
1,0000338.md5,/books/HTML5_and_CSS3/apps/ch09/town_hall/sampson.html
1,0000339.md5,/books/HTML5_and_CSS3/apps/ch10/ch10_12_column/index.html
1,0000340.md5,/books/HTML5_and_CSS3/apps/ch10/ch10_12_column/sampson.html
1,0000341.md5,/books/HTML5_and_CSS3/apps/ch10/ch10_template_areas/index.html
1,0000342.md5,/books/HTML5_and_CSS3/apps/ch10/ch10_template_areas/sampson.html
1,0000343.md5,/books/HTML5_and_CSS3/apps/ch11/town_hall/index.html
1,0000344.md5,/books/HTML5_and_CSS3/apps/ch11/town_hall/sampson.html
1,0000345.md5,/books/HTML5_and_CSS3/apps/ch13/town_hall/member.html
1,0000346.md5,/books/HTML5_and_CSS3/apps/ch19/email_list_javascript/index.html
1,0000347.md5,/books/HTML5_and_CSS3/apps/ch19/image_swap/index.html
1,0000348.md5,/books/HTML5_and_CSS3/apps/ch19/slide_show/index.html
1,0000349.md5,/books/HTML5_and_CSS3/examples/ch03/04_special.html
1,0000350.md5,/books/HTML5_and_CSS3/examples/ch03/09_more_html5.html
1,0000351.md5,/books/HTML5_and_CSS3/examples/ch04/05_css3colors.html
1,0000352.md5,/books/HTML5_and_CSS3/examples/ch04/06_selectors.html
1,0000353.md5,/books/HTML5_and_CSS3/examples/ch05/02_box_model.html
1,0000354.md5,/books/HTML5_and_CSS3/examples/ch05/default_margins.html
1,0000355.md5,/books/HTML5_and_CSS3/examples/ch05/margin_collapse.html
1,0000356.md5,/books/HTML5_and_CSS3/examples/ch06/01_float_clear.html
1,0000357.md5,/books/HTML5_and_CSS3/examples/ch06/02_2_column_fixed.html
1,0000358.md5,/books/HTML5_and_CSS3/examples/ch06/03_2_column_liquid.html
1,0000359.md5,/books/HTML5_and_CSS3/examples/ch06/03_2_column_liquid_fixed.html
1,0000360.md5,/books/HTML5_and_CSS3/examples/ch06/04_3_column_fixed.html
1,0000361.md5,/books/HTML5_and_CSS3/examples/ch06/10_text_columns.html
1,0000362.md5,/books/HTML5_and_CSS3/examples/ch06/10_text_columns_span.html
1,0000363.md5,/books/HTML5_and_CSS3/examples/ch06/13_absolute_and_fixed.html
1,0000364.md5,/books/HTML5_and_CSS3/examples/ch06/14_fixed_sidebar.html
1,0000365.md5,/books/HTML5_and_CSS3/examples/ch07/01_thru_07_lists.html
1,0000366.md5,/books/HTML5_and_CSS3/examples/ch07/11_placeholders.html
1,0000367.md5,/books/HTML5_and_CSS3/examples/ch07/14_15_navigation.html
1,0000368.md5,/books/HTML5_and_CSS3/examples/ch07/16_navigation_2_tier.html
1,0000369.md5,/books/HTML5_and_CSS3/examples/ch07/17_18_navigation_3_tier.html
1,0000370.md5,/books/HTML5_and_CSS3/examples/ch08/04_calculate_fluid_widths.html
1,0000371.md5,/books/HTML5_and_CSS3/examples/ch08/05_vmin_units.html
1,0000372.md5,/books/HTML5_and_CSS3/examples/ch08/05_vw_units.html
1,0000373.md5,/books/HTML5_and_CSS3/examples/ch08/06_calculate_font_sizes.html
1,0000374.md5,/books/HTML5_and_CSS3/examples/ch08/07_scale_images.html
1,0000375.md5,/books/HTML5_and_CSS3/examples/ch09/01_intro.html
1,0000376.md5,/books/HTML5_and_CSS3/examples/ch09/02_first_flexbox.html
1,0000377.md5,/books/HTML5_and_CSS3/examples/ch09/03_main_axis_alignment.html
1,0000378.md5,/books/HTML5_and_CSS3/examples/ch09/04_cross_axis_alignment.html
1,0000379.md5,/books/HTML5_and_CSS3/examples/ch09/05_wrap_alignment.html
1,0000380.md5,/books/HTML5_and_CSS3/examples/ch09/06_flex-basis.html
1,0000381.md5,/books/HTML5_and_CSS3/examples/ch09/06_flex-grow.html
1,0000382.md5,/books/HTML5_and_CSS3/examples/ch09/06_flex-shrink.html
1,0000383.md5,/books/HTML5_and_CSS3/examples/ch09/06_flex.html
1,0000384.md5,/books/HTML5_and_CSS3/examples/ch09/07_order.html
1,0000385.md5,/books/HTML5_and_CSS3/examples/ch10/02_basic_grid.html
1,0000386.md5,/books/HTML5_and_CSS3/examples/ch10/03_grid_track_size.html
1,0000387.md5,/books/HTML5_and_CSS3/examples/ch10/04_alignment.html
1,0000388.md5,/books/HTML5_and_CSS3/examples/ch10/04_page_with_alignment.html
1,0000389.md5,/books/HTML5_and_CSS3/examples/ch10/05_numbered_lines.html
1,0000390.md5,/books/HTML5_and_CSS3/examples/ch10/06_named_lines.html
1,0000391.md5,/books/HTML5_and_CSS3/examples/ch10/07_template_areas.html
1,0000392.md5,/books/HTML5_and_CSS3/examples/ch10/08_12_column_grid.html
1,0000393.md5,/books/HTML5_and_CSS3/examples/ch10/13_advanced_grid.html
1,0000394.md5,/books/HTML5_and_CSS3/examples/ch10/13_call_to_action.html
1,0000395.md5,/books/HTML5_and_CSS3/examples/ch10/13_fixed_sidebar.html
1,0000396.md5,/books/HTML5_and_CSS3/examples/ch10/13_headline_and_gallery.html
1,0000397.md5,/books/HTML5_and_CSS3/examples/ch10/13_three_boxes.html
1,0000398.md5,/books/HTML5_and_CSS3/examples/ch11/04_float.html
1,0000399.md5,/books/HTML5_and_CSS3/examples/ch11/06_picture_element/index.html
1,0000400.md5,/books/HTML5_and_CSS3/examples/ch11/07_12_horses/12_favicon.html
1,0000401.md5,/books/HTML5_and_CSS3/examples/ch11/11_font_awesome.html
1,0000402.md5,/books/HTML5_and_CSS3/examples/ch11/13_logo.html
1,0000403.md5,/books/HTML5_and_CSS3/examples/ch12/01_intro.html
1,0000404.md5,/books/HTML5_and_CSS3/examples/ch12/04_table_2_css.html
1,0000405.md5,/books/HTML5_and_CSS3/examples/ch12/05_table_css3.html
1,0000406.md5,/books/HTML5_and_CSS3/examples/ch12/06_table_figure.html
1,0000407.md5,/books/HTML5_and_CSS3/examples/ch12/07_table_merge.html
1,0000408.md5,/books/HTML5_and_CSS3/examples/ch12/08_table_accessibility.html
1,0000409.md5,/books/HTML5_and_CSS3/examples/ch12/09_table_nested.html
1,0000410.md5,/books/HTML5_and_CSS3/examples/ch12/10_table_nowrap.html
1,0000411.md5,/books/HTML5_and_CSS3/examples/ch12/11_table_2_rwd.html
1,0000412.md5,/books/HTML5_and_CSS3/examples/ch13/01_form.html
1,0000413.md5,/books/HTML5_and_CSS3/examples/ch13/02_buttons.html
1,0000414.md5,/books/HTML5_and_CSS3/examples/ch13/03_textfields.html
1,0000415.md5,/books/HTML5_and_CSS3/examples/ch13/04_radio_and_checkbox.html
1,0000416.md5,/books/HTML5_and_CSS3/examples/ch13/05_lists.html
1,0000417.md5,/books/HTML5_and_CSS3/examples/ch13/06_list_box.html
1,0000418.md5,/books/HTML5_and_CSS3/examples/ch13/07_textarea.html
1,0000419.md5,/books/HTML5_and_CSS3/examples/ch13/08_labels.html
1,0000420.md5,/books/HTML5_and_CSS3/examples/ch13/09_fieldset.html
1,0000421.md5,/books/HTML5_and_CSS3/examples/ch13/10_fileupload.html
1,0000422.md5,/books/HTML5_and_CSS3/examples/ch13/11_align_controls.html
1,0000423.md5,/books/HTML5_and_CSS3/examples/ch13/12_format_controls.html
1,0000424.md5,/books/HTML5_and_CSS3/examples/ch13/13_access_keys.html
1,0000425.md5,/books/HTML5_and_CSS3/examples/ch13/14_validation.html
1,0000426.md5,/books/HTML5_and_CSS3/examples/ch13/15_regex.html
1,0000427.md5,/books/HTML5_and_CSS3/examples/ch13/16_datalist.html
1,0000428.md5,/books/HTML5_and_CSS3/examples/ch13/17_email_url_tel_controls.html
1,0000429.md5,/books/HTML5_and_CSS3/examples/ch13/18_number_range_controls.html
1,0000430.md5,/books/HTML5_and_CSS3/examples/ch13/19_dates.html
1,0000431.md5,/books/HTML5_and_CSS3/examples/ch13/20_search.html
1,0000432.md5,/books/HTML5_and_CSS3/examples/ch13/21_color.html
1,0000433.md5,/books/HTML5_and_CSS3/examples/ch13/22_output.html
1,0000434.md5,/books/HTML5_and_CSS3/examples/ch13/23_progress_and_meter.html
1,0000435.md5,/books/HTML5_and_CSS3/examples/ch15/01_css3_font_face/index.html
8,0000436.md5,/books/HTML5_and_CSS3/examples/ch15/02_google_web_fonts/index.html
8,0000437.md5,/books/HTML5_and_CSS3/examples/ch15/03_adobe_edge_web_fonts/index.html
1,0000438.md5,/books/HTML5_and_CSS3/examples/ch20/07_bootstrap_grid/fixed.html
1,0000439.md5,/books/HTML5_and_CSS3/examples/ch20/07_bootstrap_grid/fluid.html
1,0000440.md5,/books/HTML5_and_CSS3/examples/ch20/07_bootstrap_grid/responsive.html
1,0000441.md5,/books/HTML5_and_CSS3/examples/ch20/08_bootstrap_components/index.html
1,0000442.md5,/books/HTML5_and_CSS3/solutions/town_hall_1/c5_index.html
1,0000443.md5,/books/HTML5_and_CSS3/solutions/town_hall_1/c8_index.html
1,0000444.md5,/books/HTML5_and_CSS3/solutions/town_hall_1/speakers/c7_sampson.html
1,0000445.md5,/books/HTML5_and_CSS3/solutions/town_hall_2/c9_index.html
1,0000446.md5,/books/HTML5_and_CSS3/solutions/town_hall_2/c10_index.html
1,0000447.md5,/books/HTML5_and_CSS3/solutions/town_hall_3/index.html
1,0000448.md5,/books/HTML5_and_CSS3/solutions/town_hall_3/luncheons.html
1,0000449.md5,/books/HTML5_and_CSS3/solutions/town_hall_3/tickets.html
1,0000450.md5,/books/HTML5_and_CSS3/solutions/town_hall_5/image_swaps.html
1,0000451.md5,/books/HTML5_and_CSS3/solutions/town_hall_5/index.html
1,0000452.md5,/books/HTML5_and_CSS3/solutions/town_hall_5/speakers/sampson.html
1,0000453.md5,/books/Pro_CSS3_Layout_Techniques/chapter3/3.1.html
1,0000454.md5,/books/Pro_CSS3_Layout_Techniques/chapter3/3.2.html
1,0000455.md5,/books/Pro_CSS3_Layout_Techniques/chapter3/3.3.html
1,0000456.md5,/books/Pro_CSS3_Layout_Techniques/chapter3/3.4.html
1,0000457.md5,/books/Pro_CSS3_Layout_Techniques/chapter3/3.5.html
1,0000458.md5,/books/Pro_CSS3_Layout_Techniques/chapter3/3.6.html
1,0000459.md5,/books/Pro_CSS3_Layout_Techniques/chapter3/3.7.html
1,0000460.md5,/books/Pro_CSS3_Layout_Techniques/chapter3/3.8.html
1,0000461.md5,/books/Pro_CSS3_Layout_Techniques/chapter4/4.1.html
1,0000462.md5,/books/Pro_CSS3_Layout_Techniques/chapter4/4.xx.html
1,0000463.md5,/books/Pro_CSS3_Layout_Techniques/chapter5/chapter5.html
1,0000464.md5,/books/Pro_HTML5_CSS3_Design_Patterns/Chapter01/Absolute/example.html
1,0000465.md5,/books/Pro_HTML5_CSS3_Design_Patterns/Chapter01/Cascade_Order/example.html
1,0000466.md5,/books/Pro_HTML5_CSS3_Design_Patterns/Chapter01/CSS_Syntax/example.html
1,0000467.md5,/books/Pro_HTML5_CSS3_Design_Patterns/Chapter01/Left_Marginal/example.html
1,0000468.md5,/books/Pro_HTML5_CSS3_Design_Patterns/Chapter01/Marginal_Graphic_Dropcap/example.html
1,0000469.md5,/books/Pro_HTML5_CSS3_Design_Patterns/Chapter01/Text_Replacement/example.html
1,0000470.md5,/books/Pro_HTML5_CSS3_Design_Patterns/Chapter02/Class_and_ID_Attributes/example.html
1,0000471.md5,/books/Pro_HTML5_CSS3_Design_Patterns/Chapter02/DOCTYPE/example.html
1,0000472.md5,/books/Pro_HTML5_CSS3_Design_Patterns/Chapter02/HTML_Structure/example.html
1,0000473.md5,/books/Pro_HTML5_CSS3_Design_Patterns/Chapter02/HTML_Whitespace/example.html
1,0000474.md5,/books/Pro_HTML5_CSS3_Design_Patterns/Chapter02/Inline_Elements/example.html
1,0000475.md5,/books/Pro_HTML5_CSS3_Design_Patterns/Chapter02/Multi-purpose_Block_Elements/example.html
1,0000476.md5,/books/Pro_HTML5_CSS3_Design_Patterns/Chapter02/Structural_Block_Elements/example.html
1,0000477.md5,/books/Pro_HTML5_CSS3_Design_Patterns/Chapter02/Terminal_Block_Elements/example.html
1,0000478.md5,/books/Pro_HTML5_CSS3_Design_Patterns/Chapter03/Attribute_Selectors/example.html
1,0000479.md5,/books/Pro_HTML5_CSS3_Design_Patterns/Chapter03/Inheritance/example.html
1,0000480.md5,/books/Pro_HTML5_CSS3_Design_Patterns/Chapter03/Position_and_Group_Selectors/example.html
1,0000481.md5,/books/Pro_HTML5_CSS3_Design_Patterns/Chapter03/Pseudo-class_Selectors/example.html
1,0000482.md5,/books/Pro_HTML5_CSS3_Design_Patterns/Chapter03/Subclass_Selector/example.html
1,0000483.md5,/books/Pro_HTML5_CSS3_Design_Patterns/Chapter03/Type_Class_and_ID_Selectors/example.html
1,0000484.md5,/books/Pro_HTML5_CSS3_Design_Patterns/Chapter03/Visual_Inheritance/example.html
1,0000485.md5,/books/Pro_HTML5_CSS3_Design_Patterns/Chapter04/Absolute_Box/example.html
1,0000486.md5,/books/Pro_HTML5_CSS3_Design_Patterns/Chapter04/Block_Box/example.html
1,0000487.md5,/books/Pro_HTML5_CSS3_Design_Patterns/Chapter04/Box_Model/example.html
1,0000488.md5,/books/Pro_HTML5_CSS3_Design_Patterns/Chapter04/Display/example.html
1,0000489.md5,/books/Pro_HTML5_CSS3_Design_Patterns/Chapter04/Floated_Box/example.html
1,0000490.md5,/books/Pro_HTML5_CSS3_Design_Patterns/Chapter04/Inline-block_Box/example.html
1,0000491.md5,/books/Pro_HTML5_CSS3_Design_Patterns/Chapter04/Inline_Box/example.html
1,0000492.md5,/books/Pro_HTML5_CSS3_Design_Patterns/Chapter04/Table_Box/example.html
1,0000493.md5,/books/Pro_HTML5_CSS3_Design_Patterns/Chapter05/Height/example.html
1,0000494.md5,/books/Pro_HTML5_CSS3_Design_Patterns/Chapter05/Shrinkwrapped/example.html
1,0000495.md5,/books/Pro_HTML5_CSS3_Design_Patterns/Chapter05/Sized/example.html
1,0000496.md5,/books/Pro_HTML5_CSS3_Design_Patterns/Chapter05/Stretched/example.html
1,0000497.md5,/books/Pro_HTML5_CSS3_Design_Patterns/Chapter05/Width/example.html
1,0000498.md5,/books/Pro_HTML5_CSS3_Design_Patterns/Chapter06/Background/example.html
1,0000499.md5,/books/Pro_HTML5_CSS3_Design_Patterns/Chapter06/Border/example.html
1,0000500.md5,/books/Pro_HTML5_CSS3_Design_Patterns/Chapter06/Margin/example.html
1,0000501.md5,/books/Pro_HTML5_CSS3_Design_Patterns/Chapter06/Overflow/example.html
1,0000502.md5,/books/Pro_HTML5_CSS3_Design_Patterns/Chapter06/Padding/example.html
1,0000503.md5,/books/Pro_HTML5_CSS3_Design_Patterns/Chapter06/Visibility/example.html
1,0000504.md5,/books/Pro_HTML5_CSS3_Design_Patterns/Chapter07/Absolute/example.html
1,0000505.md5,/books/Pro_HTML5_CSS3_Design_Patterns/Chapter07/Atomic/example.html
1,0000506.md5,/books/Pro_HTML5_CSS3_Design_Patterns/Chapter07/Closest_Positioned_Ancestor/example.html
1,0000507.md5,/books/Pro_HTML5_CSS3_Design_Patterns/Chapter07/Fixed/example.html
1,0000508.md5,/books/Pro_HTML5_CSS3_Design_Patterns/Chapter07/Float_and_Clear/example.html
1,0000509.md5,/books/Pro_HTML5_CSS3_Design_Patterns/Chapter07/Positioned/example.html
1,0000510.md5,/books/Pro_HTML5_CSS3_Design_Patterns/Chapter07/Positioning_Models/example.html
1,0000511.md5,/books/Pro_HTML5_CSS3_Design_Patterns/Chapter07/Relative/example.html
1,0000512.md5,/books/Pro_HTML5_CSS3_Design_Patterns/Chapter07/Relative_Float/example.html
1,0000513.md5,/books/Pro_HTML5_CSS3_Design_Patterns/Chapter07/Stacking_Context/example.html
1,0000514.md5,/books/Pro_HTML5_CSS3_Design_Patterns/Chapter07/Static/example.html
1,0000515.md5,/books/Pro_HTML5_CSS3_Design_Patterns/Chapter08/Aligned-center_Absolute/example.html
1,0000516.md5,/books/Pro_HTML5_CSS3_Design_Patterns/Chapter08/Aligned_Outside/example.html
1,0000517.md5,/books/Pro_HTML5_CSS3_Design_Patterns/Chapter08/Aligned_Static_Inline/example.html
1,0000518.md5,/books/Pro_HTML5_CSS3_Design_Patterns/Chapter08/Aligned_and_Offset_Absolute/example.html
1,0000519.md5,/books/Pro_HTML5_CSS3_Design_Patterns/Chapter08/Aligned_and_Offset_Static_Block/example.html
1,0000520.md5,/books/Pro_HTML5_CSS3_Design_Patterns/Chapter08/Aligned_and_Offset_Static_Table/example.html
1,0000521.md5,/books/Pro_HTML5_CSS3_Design_Patterns/Chapter08/Indented/example.html
1,0000522.md5,/books/Pro_HTML5_CSS3_Design_Patterns/Chapter08/Offset_Absolute/example.html
1,0000523.md5,/books/Pro_HTML5_CSS3_Design_Patterns/Chapter08/Offset_Float/example.html
1,0000524.md5,/books/Pro_HTML5_CSS3_Design_Patterns/Chapter08/Offset_Relative/example.html
1,0000525.md5,/books/Pro_HTML5_CSS3_Design_Patterns/Chapter08/Offset_Static/example.html
1,0000526.md5,/books/Pro_HTML5_CSS3_Design_Patterns/Chapter08/Offset_or_Indented_Static_Table/example.html
1,0000527.md5,/books/Pro_HTML5_CSS3_Design_Patterns/Chapter09/Bottom_Aligned/example.html
1,0000528.md5,/books/Pro_HTML5_CSS3_Design_Patterns/Chapter09/Bottom_Offset/example.html
1,0000529.md5,/books/Pro_HTML5_CSS3_Design_Patterns/Chapter09/Center_Aligned/example.html
1,0000530.md5,/books/Pro_HTML5_CSS3_Design_Patterns/Chapter09/Center_Offset/example.html
1,0000531.md5,/books/Pro_HTML5_CSS3_Design_Patterns/Chapter09/Left_Aligned/example.html
1,0000532.md5,/books/Pro_HTML5_CSS3_Design_Patterns/Chapter09/Left_Offset/example.html
1,0000533.md5,/books/Pro_HTML5_CSS3_Design_Patterns/Chapter09/Middle_Aligned/example.html
1,0000534.md5,/books/Pro_HTML5_CSS3_Design_Patterns/Chapter09/Middle_Offset/example.html
1,0000535.md5,/books/Pro_HTML5_CSS3_Design_Patterns/Chapter09/Right_Aligned/example.html
1,0000536.md5,/books/Pro_HTML5_CSS3_Design_Patterns/Chapter09/Right_Offset/example.html
1,0000537.md5,/books/Pro_HTML5_CSS3_Design_Patterns/Chapter09/Top_Aligned/example.html
1,0000538.md5,/books/Pro_HTML5_CSS3_Design_Patterns/Chapter09/Top_Offset/example.html
1,0000539.md5,/books/Pro_HTML5_CSS3_Design_Patterns/Chapter10/Font/example.html
1,0000540.md5,/books/Pro_HTML5_CSS3_Design_Patterns/Chapter10/Highlight/example.html
1,0000541.md5,/books/Pro_HTML5_CSS3_Design_Patterns/Chapter10/Invisible_Text/example.html
1,0000542.md5,/books/Pro_HTML5_CSS3_Design_Patterns/Chapter10/Text_Decoration/example.html
1,0000543.md5,/books/Pro_HTML5_CSS3_Design_Patterns/Chapter10/Text_Shadow/example.html
1,0000544.md5,/books/Pro_HTML5_CSS3_Design_Patterns/Chapter11/Blocked/example.html
1,0000545.md5,/books/Pro_HTML5_CSS3_Design_Patterns/Chapter11/Code/example.html
1,0000546.md5,/books/Pro_HTML5_CSS3_Design_Patterns/Chapter11/Inline_Decoration/example.html
1,0000547.md5,/books/Pro_HTML5_CSS3_Design_Patterns/Chapter11/Inline_Horizontal_Rule/example.html
1,0000548.md5,/books/Pro_HTML5_CSS3_Design_Patterns/Chapter11/Inline_Spacer/example.html
1,0000549.md5,/books/Pro_HTML5_CSS3_Design_Patterns/Chapter11/Linebreak/example.html
1,0000550.md5,/books/Pro_HTML5_CSS3_Design_Patterns/Chapter11/Nowrap/example.html
1,0000551.md5,/books/Pro_HTML5_CSS3_Design_Patterns/Chapter11/Padded_Content/example.html
1,0000552.md5,/books/Pro_HTML5_CSS3_Design_Patterns/Chapter11/Preserved/example.html
1,0000553.md5,/books/Pro_HTML5_CSS3_Design_Patterns/Chapter11/Spacing/example.html
1,0000554.md5,/books/Pro_HTML5_CSS3_Design_Patterns/Chapter12/Advanced_Alignment_Example/example.html
1,0000555.md5,/books/Pro_HTML5_CSS3_Design_Patterns/Chapter12/Hanging_Indent/example.html
1,0000556.md5,/books/Pro_HTML5_CSS3_Design_Patterns/Chapter12/Horizontal-Aligned_Content/example.html
1,0000557.md5,/books/Pro_HTML5_CSS3_Design_Patterns/Chapter12/Nested_Alignment/example.html
1,0000558.md5,/books/Pro_HTML5_CSS3_Design_Patterns/Chapter12/Subscript_and_Superscript/example.html
1,0000559.md5,/books/Pro_HTML5_CSS3_Design_Patterns/Chapter12/Text_Indent/example.html
1,0000560.md5,/books/Pro_HTML5_CSS3_Design_Patterns/Chapter12/Vertical-Aligned_Content/example.html
1,0000561.md5,/books/Pro_HTML5_CSS3_Design_Patterns/Chapter12/Vertical-Offset_Content/example.html
1,0000562.md5,/books/Pro_HTML5_CSS3_Design_Patterns/Chapter13/Background_Bulleted/example.html
1,0000563.md5,/books/Pro_HTML5_CSS3_Design_Patterns/Chapter13/Block_Space_Remover/example.html
1,0000564.md5,/books/Pro_HTML5_CSS3_Design_Patterns/Chapter13/Block_Spacer/example.html
1,0000565.md5,/books/Pro_HTML5_CSS3_Design_Patterns/Chapter13/Collapsed_Margins/example.html
1,0000566.md5,/books/Pro_HTML5_CSS3_Design_Patterns/Chapter13/Horizontal_Rule/example.html
1,0000567.md5,/books/Pro_HTML5_CSS3_Design_Patterns/Chapter13/Inlined/example.html
1,0000568.md5,/books/Pro_HTML5_CSS3_Design_Patterns/Chapter13/Left_Marginal/example.html
1,0000569.md5,/books/Pro_HTML5_CSS3_Design_Patterns/Chapter13/Lists/example.html
1,0000570.md5,/books/Pro_HTML5_CSS3_Design_Patterns/Chapter13/Right_Marginal/example.html
1,0000571.md5,/books/Pro_HTML5_CSS3_Design_Patterns/Chapter13/Run-in/example.html
1,0000572.md5,/books/Pro_HTML5_CSS3_Design_Patterns/Chapter13/Section/example.html
1,0000573.md5,/books/Pro_HTML5_CSS3_Design_Patterns/Chapter13/Structural_Meaning/example.html
1,0000574.md5,/books/Pro_HTML5_CSS3_Design_Patterns/Chapter13/Visual_Structure/example.html
1,0000575.md5,/books/Pro_HTML5_CSS3_Design_Patterns/Chapter14/Basic_Shadowed_Image/example.html
1,0000576.md5,/books/Pro_HTML5_CSS3_Design_Patterns/Chapter14/CSS_Sprite/example.html
1,0000577.md5,/books/Pro_HTML5_CSS3_Design_Patterns/Chapter14/Content_over_Background/example.html
1,0000578.md5,/books/Pro_HTML5_CSS3_Design_Patterns/Chapter14/Content_over_Image/example.html
1,0000579.md5,/books/Pro_HTML5_CSS3_Design_Patterns/Chapter14/Fade-out/example.html
1,0000580.md5,/books/Pro_HTML5_CSS3_Design_Patterns/Chapter14/Image/example.html
1,0000581.md5,/books/Pro_HTML5_CSS3_Design_Patterns/Chapter14/Image_Example/example.html
1,0000582.md5,/books/Pro_HTML5_CSS3_Design_Patterns/Chapter14/Rounded_Corners/example.html
1,0000583.md5,/books/Pro_HTML5_CSS3_Design_Patterns/Chapter14/Semi-transparent/example.html
1,0000584.md5,/books/Pro_HTML5_CSS3_Design_Patterns/Chapter14/Shadowed_Image/example.html
1,0000585.md5,/books/Pro_HTML5_CSS3_Design_Patterns/Chapter15/Collapsed_Borders/example.html
1,0000586.md5,/books/Pro_HTML5_CSS3_Design_Patterns/Chapter15/Hidden_and_Removed_Cells/example.html
1,0000587.md5,/books/Pro_HTML5_CSS3_Design_Patterns/Chapter15/Removed_and_Hidden_Rows_and_Columns/example.html
1,0000588.md5,/books/Pro_HTML5_CSS3_Design_Patterns/Chapter15/Row_and_Column_Groups/example.html
1,0000589.md5,/books/Pro_HTML5_CSS3_Design_Patterns/Chapter15/Separated_Borders/example.html
1,0000590.md5,/books/Pro_HTML5_CSS3_Design_Patterns/Chapter15/Striped_Tables/example.html
1,0000591.md5,/books/Pro_HTML5_CSS3_Design_Patterns/Chapter15/Styled_Collapsed_Borders/example.html
1,0000592.md5,/books/Pro_HTML5_CSS3_Design_Patterns/Chapter15/Table/example.html
1,0000593.md5,/books/Pro_HTML5_CSS3_Design_Patterns/Chapter15/Table_Layout/example.html
1,0000594.md5,/books/Pro_HTML5_CSS3_Design_Patterns/Chapter15/Table_Selectors/example.html
1,0000595.md5,/books/Pro_HTML5_CSS3_Design_Patterns/Chapter15/Tabled_Rowed_and_Celled/example.html
1,0000596.md5,/books/Pro_HTML5_CSS3_Design_Patterns/Chapter15/Vertical-aligned_Data/example.html
1,0000597.md5,/books/Pro_HTML5_CSS3_Design_Patterns/Chapter16/Column_Width/example.html
1,0000598.md5,/books/Pro_HTML5_CSS3_Design_Patterns/Chapter16/Content-proportioned_Columns/example.html
1,0000599.md5,/books/Pro_HTML5_CSS3_Design_Patterns/Chapter16/Equal-sized_Columns/example.html
1,0000600.md5,/books/Pro_HTML5_CSS3_Design_Patterns/Chapter16/Equal_Content-sized_Columns/example.html
1,0000601.md5,/books/Pro_HTML5_CSS3_Design_Patterns/Chapter16/Flex_Columns/example.html
1,0000602.md5,/books/Pro_HTML5_CSS3_Design_Patterns/Chapter16/Inverse-proportioned_Columns/example.html
1,0000603.md5,/books/Pro_HTML5_CSS3_Design_Patterns/Chapter16/Mixed_Column_Layouts/example.html
1,0000604.md5,/books/Pro_HTML5_CSS3_Design_Patterns/Chapter16/Percentage-proportioned_Columns/example.html
1,0000605.md5,/books/Pro_HTML5_CSS3_Design_Patterns/Chapter16/Shrinkwrapped_Columns/example.html
1,0000606.md5,/books/Pro_HTML5_CSS3_Design_Patterns/Chapter16/Size-proportioned_Columns/example.html
1,0000607.md5,/books/Pro_HTML5_CSS3_Design_Patterns/Chapter16/Sized_Columns/example.html
1,0000608.md5,/books/Pro_HTML5_CSS3_Design_Patterns/Chapter16/Undersized_Columns/example.html
1,0000609.md5,/books/Pro_HTML5_CSS3_Design_Patterns/Chapter17/Button/example.html
1,0000610.md5,/books/Pro_HTML5_CSS3_Design_Patterns/Chapter17/Event_Styling/example.html
1,0000611.md5,/books/Pro_HTML5_CSS3_Design_Patterns/Chapter17/Float_Divider/example.html
1,0000612.md5,/books/Pro_HTML5_CSS3_Design_Patterns/Chapter17/Floating_Section/example.html
1,0000613.md5,/books/Pro_HTML5_CSS3_Design_Patterns/Chapter17/Fluid_Layout/example.html
1,0000614.md5,/books/Pro_HTML5_CSS3_Design_Patterns/Chapter17/Fluid_Layout_Overview/example.html
1,0000615.md5,/books/Pro_HTML5_CSS3_Design_Patterns/Chapter17/Layout_Example/example.html
1,0000616.md5,/books/Pro_HTML5_CSS3_Design_Patterns/Chapter17/Layout_Links/example.html
1,0000617.md5,/books/Pro_HTML5_CSS3_Design_Patterns/Chapter17/Multi-column/example.html
1,0000618.md5,/books/Pro_HTML5_CSS3_Design_Patterns/Chapter17/Opposing_Floats/example.html
1,0000619.md5,/books/Pro_HTML5_CSS3_Design_Patterns/Chapter17/Outside-In_Box/example.html
1,0000620.md5,/books/Pro_HTML5_CSS3_Design_Patterns/Chapter17/Outside-in_vs_Inside-out/example.html
1,0000621.md5,/books/Pro_HTML5_CSS3_Design_Patterns/Chapter17/Tab_Menu/example.html
1,0000622.md5,/books/Pro_HTML5_CSS3_Design_Patterns/Chapter18/Aligned_Drop_Cap/example.html
1,0000623.md5,/books/Pro_HTML5_CSS3_Design_Patterns/Chapter18/Floating_Drop_Cap/example.html
1,0000624.md5,/books/Pro_HTML5_CSS3_Design_Patterns/Chapter18/Floating_Graphical_Drop_Cap/example.html
1,0000625.md5,/books/Pro_HTML5_CSS3_Design_Patterns/Chapter18/Hanging_Drop_Cap/example.html
1,0000626.md5,/books/Pro_HTML5_CSS3_Design_Patterns/Chapter18/Marginal_Drop_Cap/example.html
1,0000627.md5,/books/Pro_HTML5_CSS3_Design_Patterns/Chapter18/Padded_Graphical_Drop_Cap/example.html
1,0000628.md5,/books/Pro_HTML5_CSS3_Design_Patterns/Chapter19/Left_Floating_Callout/example.html
1,0000629.md5,/books/Pro_HTML5_CSS3_Design_Patterns/Chapter19/Right_Floating_Callout/example.html
1,0000630.md5,/books/Pro_HTML5_CSS3_Design_Patterns/Chapter19/Center_Callout/example.html
1,0000631.md5,/books/Pro_HTML5_CSS3_Design_Patterns/Chapter19/Left_Marginal_Callout/example.html
1,0000632.md5,/books/Pro_HTML5_CSS3_Design_Patterns/Chapter19/Right_Marginal_Callout/example.html
1,0000633.md5,/books/Pro_HTML5_CSS3_Design_Patterns/Chapter19/Block_Quote/example.html
1,0000634.md5,/books/Pro_HTML5_CSS3_Design_Patterns/Chapter19/Inline_Block_Quote/example.html
1,0000635.md5,/books/Pro_HTML5_CSS3_Design_Patterns/Chapter19/Inline_Quote/example.html
1,0000636.md5,/books/Pro_HTML5_CSS3_Design_Patterns/Chapter20/Alert/example.html
1,0000637.md5,/books/Pro_HTML5_CSS3_Design_Patterns/Chapter20/Floating_Alert/example.html
1,0000638.md5,/books/Pro_HTML5_CSS3_Design_Patterns/Chapter20/Form_Validation/example.html
1,0000639.md5,/books/Pro_HTML5_CSS3_Design_Patterns/Chapter20/Graphical_Alert/example.html
1,0000640.md5,/books/Pro_HTML5_CSS3_Design_Patterns/Chapter20/Hanging_Alert/example.html
1,0000641.md5,/books/Pro_HTML5_CSS3_Design_Patterns/Chapter20/Inline_Alert/example.html
1,0000642.md5,/books/Pro_HTML5_CSS3_Design_Patterns/Chapter20/JavaScript_Alert/example.html
1,0000643.md5,/books/Pro_HTML5_CSS3_Design_Patterns/Chapter20/Left_Marginal_Alert/example.html
1,0000644.md5,/books/Pro_HTML5_CSS3_Design_Patterns/Chapter20/Popup_Alert/example.html
1,0000645.md5,/books/Pro_HTML5_CSS3_Design_Patterns/Chapter20/Right_Marginal_Alert/example.html
1,0000646.md5,/books/Pro_HTML5_CSS3_Design_Patterns/Chapter20/Run-in_Alert/example.html
1,0000647.md5,/books/Pro_HTML5_CSS3_Design_Patterns/Chapter20/Tooltip_Alert/example.html
1,0000648.md5,/books/The_Book_of_CSS3/examples/css3_02-02.html
1,0000649.md5,/books/The_Book_of_CSS3/examples/css3_02-04.html
1,0000650.md5,/books/The_Book_of_CSS3/examples/css3_03-01.html
1,0000651.md5,/books/The_Book_of_CSS3/examples/css3_03-02.html
1,0000652.md5,/books/The_Book_of_CSS3/examples/css3_03-03.html
1,0000653.md5,/books/The_Book_of_CSS3/examples/css3_03-04.html
1,0000654.md5,/books/The_Book_of_CSS3/examples/css3_04-01.html
1,0000655.md5,/books/The_Book_of_CSS3/examples/css3_04-02.html
1,0000656.md5,/books/The_Book_of_CSS3/examples/css3_04-03.html
1,0000657.md5,/books/The_Book_of_CSS3/examples/css3_04-04.html
1,0000658.md5,/books/The_Book_of_CSS3/examples/css3_04-05.html
1,0000659.md5,/books/The_Book_of_CSS3/examples/css3_04-06.html
1,0000660.md5,/books/The_Book_of_CSS3/examples/css3_04-07.html
1,0000661.md5,/books/The_Book_of_CSS3/examples/css3_04-08.html
1,0000662.md5,/books/The_Book_of_CSS3/examples/css3_04-09.html
1,0000663.md5,/books/The_Book_of_CSS3/examples/css3_05-01.html
1,0000664.md5,/books/The_Book_of_CSS3/examples/css3_05-02.html
1,0000665.md5,/books/The_Book_of_CSS3/examples/css3_05-03.html
1,0000666.md5,/books/The_Book_of_CSS3/examples/css3_05-04.html
1,0000667.md5,/books/The_Book_of_CSS3/examples/css3_05-05.html
1,0000668.md5,/books/The_Book_of_CSS3/examples/css3_05-07.html
1,0000669.md5,/books/The_Book_of_CSS3/examples/css3_05-08_10.html
1,0000670.md5,/books/The_Book_of_CSS3/examples/css3_07-03_04.html
1,0000671.md5,/books/The_Book_of_CSS3/examples/css3_07-05.html
1,0000672.md5,/books/The_Book_of_CSS3/examples/css3_07-06.html
1,0000673.md5,/books/The_Book_of_CSS3/examples/css3_07-07_08.html
1,0000674.md5,/books/The_Book_of_CSS3/examples/css3_07-09.html
1,0000675.md5,/books/The_Book_of_CSS3/examples/css3_08-01.html
1,0000676.md5,/books/The_Book_of_CSS3/examples/css3_08-02.html
1,0000677.md5,/books/The_Book_of_CSS3/examples/css3_08-03.html
1,0000678.md5,/books/The_Book_of_CSS3/examples/css3_08-04.html
1,0000679.md5,/books/The_Book_of_CSS3/examples/css3_08-05.html
1,0000680.md5,/books/The_Book_of_CSS3/examples/css3_08-06.html
1,0000681.md5,/books/The_Book_of_CSS3/examples/css3_08-07.html
1,0000682.md5,/books/The_Book_of_CSS3/examples/css3_09-03.html
1,0000683.md5,/books/The_Book_of_CSS3/examples/css3_09-04.html
1,0000684.md5,/books/The_Book_of_CSS3/examples/css3_09-05.html
1,0000685.md5,/books/The_Book_of_CSS3/examples/css3_09-06.html
1,0000686.md5,/books/The_Book_of_CSS3/examples/css3_09-07_08.html
1,0000687.md5,/books/The_Book_of_CSS3/examples/css3_09-09.html
1,0000688.md5,/books/The_Book_of_CSS3/examples/css3_09-10.html
1,0000689.md5,/books/The_Book_of_CSS3/examples/css3_09-11.html
1,0000690.md5,/books/The_Book_of_CSS3/examples/css3_09-12.html
1,0000691.md5,/books/The_Book_of_CSS3/examples/css3_09-13.html
1,0000692.md5,/books/The_Book_of_CSS3/examples/css3_09-14.html
1,0000693.md5,/books/The_Book_of_CSS3/examples/css3_10-01.html
1,0000694.md5,/books/The_Book_of_CSS3/examples/css3_10-02.html
1,0000695.md5,/books/The_Book_of_CSS3/examples/css3_10-03.html
1,0000696.md5,/books/The_Book_of_CSS3/examples/css3_10-05.html
1,0000697.md5,/books/The_Book_of_CSS3/examples/css3_11-01.html
1,0000698.md5,/books/The_Book_of_CSS3/examples/css3_11-02.html
1,0000699.md5,/books/The_Book_of_CSS3/examples/css3_11-03.html
1,0000700.md5,/books/The_Book_of_CSS3/examples/css3_11-04.html
1,0000701.md5,/books/The_Book_of_CSS3/examples/css3_11-05.html
1,0000702.md5,/books/The_Book_of_CSS3/examples/css3_11-06.html
1,0000703.md5,/books/The_Book_of_CSS3/examples/css3_11-07.html
1,0000704.md5,/books/The_Book_of_CSS3/examples/css3_11-08.html
1,0000705.md5,/books/The_Book_of_CSS3/examples/css3_11-10.html
1,0000706.md5,/books/The_Book_of_CSS3/examples/css3_11-11.html
1,0000707.md5,/books/The_Book_of_CSS3/examples/css3_11-12.html
1,0000708.md5,/books/The_Book_of_CSS3/examples/css3_11-13.html
1,0000709.md5,/books/The_Book_of_CSS3/examples/css3_11-14.html
1,0000710.md5,/books/The_Book_of_CSS3/examples/css3_16-01.html
1,0000711.md5,/books/The_Book_of_CSS3/examples/css3_16-02.html
1,0000712.md5,/books/The_Book_of_CSS3/examples/css3_16-03.html
1,0000713.md5,/demos/alignment_cssgrid_1.html
1,0000714.md5,/demos/alignment_cssgrid_2.html
1,0000715.md5,/demos/alignment_flex.html
1,0000716.md5,/demos/beforeafter.html
1,0000717.md5,/demos/bottomnavigation.html
1,0000718.md5,/demos/coordinator.html
1,0000719.md5,/demos/coordinator.scrolling.html
1,0000720.md5,/demos/cssgrid_content.html
1,0000721.md5,/demos/cssgrid_self.html
1,0000722.md5,/demos/custom.viewpager.html
1,0000723.md5,/demos/custom.viewpager.tablayout.html
1,0000724.md5,/demos/drawer.html
1,0000725.md5,/demos/drawer.navigationview.html
1,0000726.md5,/demos/flexbox.html
1,0000727.md5,/demos/flexbox_content.html
1,0000728.md5,/demos/flexbox_self.html
1,0000729.md5,/demos/flexbox_vertical.html
1,0000730.md5,/demos/flexbox_wrap.html
1,0000731.md5,/demos/float.html
1,0000732.md5,/demos/gradient.html
1,0000733.md5,/demos/img-srcset.html
1,0000734.md5,/demos/index.html
1,0000735.md5,/demos/list.html
1,0000736.md5,/demos/menu.html
1,0000737.md5,/demos/repeating_gradient.html
1,0000738.md5,/demos/repeating_linear_gradient.html
4,0000739.md5,/demos/svg/animate.html
4,0000740.md5,/demos/svg/animate_motion.html
4,0000741.md5,/demos/svg/animate_transform.html
4,0000742.md5,/demos/svg/animation.html
4,0000743.md5,/demos/svg/animation_offset_path.html
4,0000744.md5,/demos/svg/animation_offset_rotate.html
4,0000745.md5,/demos/svg/animation_start.html
4,0000746.md5,/demos/svg/animation_strokedash.html
4,0000747.md5,/demos/svg/animation_transform.html
4,0000748.md5,/demos/svg/clippath.html
4,0000749.md5,/demos/svg/image.html
4,0000750.md5,/demos/svg/path.html
4,0000751.md5,/demos/svg/pattern.html
4,0000752.md5,/demos/svg/preserve_aspect_ratio.html
4,0000753.md5,/demos/svg/transform.html
4,0000754.md5,/demos/svg/transform_css.html
4,0000755.md5,/demos/svg/transform_origin.html
4,0000756.md5,/demos/svg/viewbox.html
1,0000757.md5,/demos/table.html
1,0000758.md5,/demos/vertical-align.html
2,0000759.md5,/demos/video.html
1,0000760.md5,/demos/viewmodel.html
1,0000761.md5,/books/Responsive_Web_Design/Chapter01/index.html
1,0000762.md5,/books/Responsive_Web_Design/Chapter02/example1.html
1,0000763.md5,/books/Responsive_Web_Design/Chapter02/example2.html
1,0000764.md5,/books/Responsive_Web_Design/Chapter03/example_03-01/index.html
1,0000765.md5,/books/Responsive_Web_Design/Chapter03/example_03-03/index.html
1,0000766.md5,/books/Responsive_Web_Design/Chapter04/example_04-01/index.html
1,0000767.md5,/books/Responsive_Web_Design/Chapter04/example_04-02/index.html
1,0000768.md5,/books/Responsive_Web_Design/Chapter04/example_04-03/index.html
1,0000769.md5,/books/Responsive_Web_Design/Chapter04/example_04-07/index.html
1,0000770.md5,/books/Responsive_Web_Design/Chapter04/example_04-09/index.html
1,0000771.md5,/books/Responsive_Web_Design/Chapter05/example_05-01/index.html
1,0000772.md5,/books/Responsive_Web_Design/Chapter05/example_05-02/index.html
1,0000773.md5,/books/Responsive_Web_Design/Chapter05/example_05-03/index.html
1,0000774.md5,/books/Responsive_Web_Design/Chapter05/example_05-04/index.html
1,0000775.md5,/books/Responsive_Web_Design/Chapter05/example_05-05/index.html
1,0000776.md5,/books/Responsive_Web_Design/Chapter05/example_05-06/index.html
1,0000777.md5,/books/Responsive_Web_Design/Chapter05/example_05-07/index.html
1,0000778.md5,/books/Responsive_Web_Design/Chapter06/example_06-01/index.html
1,0000779.md5,/books/Responsive_Web_Design/Chapter06/example_06-02/index.html
1,0000780.md5,/books/Responsive_Web_Design/Chapter06/example_06-05/index.html
1,0000781.md5,/books/Responsive_Web_Design/Chapter06/example_06-06/index.html
1,0000782.md5,/books/Responsive_Web_Design/Chapter06/example_06-07/index.html
1,0000783.md5,/books/Responsive_Web_Design/Chapter06/example_06-09/index.html
1,0000784.md5,/books/Responsive_Web_Design/Chapter06/example_06-10/index.html
1,0000785.md5,/books/Responsive_Web_Design/Chapter07/example_07-01/index.html
1,0000786.md5,/books/Responsive_Web_Design/Chapter07/example_07-03/index.html
1,0000788.md5,/books/Responsive_Web_Design/Chapter07/example_07-06/index.html
1,0000789.md5,/books/Responsive_Web_Design/Chapter07/example_07-12/index.html
4,0000790.md5,/books/Responsive_Web_Design/Chapter08/example_08-02/index.html
4,0000791.md5,/books/Responsive_Web_Design/Chapter08/example_08-03/index.html
4,0000792.md5,/books/Responsive_Web_Design/Chapter08/example_08-04/index.html
4,0000793.md5,/books/Responsive_Web_Design/Chapter08/example_08-06/index.html
4,0000794.md5,/books/Responsive_Web_Design/Chapter08/example_08-07/index.html
4,0000795.md5,/books/Responsive_Web_Design/Chapter08/example_08-09/index.html
4,0000796.md5,/books/Responsive_Web_Design/Chapter08/example_08-10/index.html
4,0000797.md5,/books/Responsive_Web_Design/Chapter08/example_08-11/index.html
1,0000798.md5,/books/Responsive_Web_Design/Chapter09/example_09-01/index.html
1,0000799.md5,/books/Responsive_Web_Design/Chapter09/example_09-02/index.html
1,0000800.md5,/books/Responsive_Web_Design/Chapter09/example_09-03/index.html
1,0000801.md5,/books/Responsive_Web_Design/Chapter09/example_09-04/index.html
1,0000802.md5,/books/Responsive_Web_Design/Chapter09/example_09-07/index.html
1,0000803.md5,/books/Responsive_Web_Design/Chapter10/example_10-01/index.html
1,0000804.md5,/books/Responsive_Web_Design/Chapter10/example_10-02/index.html
1,0000805.md5,/books/Responsive_Web_Design/Chapter11/example_11-02/index.html
1,0000806.md5,/demos/canvas/helloCanvas.html
1,0000807.md5,/demos/canvas/helloText.html
1,0000808.md5,/demos/canvas/sierpinskiTriangle.html
1,0000809.md5,/demos/canvas/smileyFace.html
1,0000810.md5,/demos/canvas/treeFractal.html
1,0000811.md5,/demos/alignment_cssgrid_3.html
1,0000812.md5,/demos/alignment_cssgrid_4.html
1,0000813.md5,/demos/alignment_cssgrid_5.html
1,0000814.md5,/demos/alignment_cssgrid_6.html
1,0000815.md5,/demos/alignment_cssgrid_7.html
1,0000816.md5,/books/CSS3_Foundations/index.html
1,0000817.md5,/books/HTML_and_CSS_VQG/chapter-09/select-by-first-letter.html
1,0000818.md5,/books/HTML_and_CSS_VQG/chapter-09/select-by-first-line.html