1,0000022.md5,/books/CSS_In_Depth/ch05/listing-5.11.html
1,0000023.md5,/books/CSS_In_Depth/ch06/listing-6.5.html
1,0000024.md5,/books/CSS_In_Depth/ch06/listing-6.6.html
1,0000025.md5,/books/CSS_In_Depth/ch06/listing-6.7.html
1,0000030.md5,/books/CSS_In_Depth/ch07/listing-7.12.html
1,0000032.md5,/books/CSS_In_Depth/ch08/listing-8.15.html
1,0000054.md5,/books/CSS_In_Depth/ch12/listing-12.12.html
1,0000055.md5,/books/CSS_In_Depth/ch13/listing-13.11.html
1,0000058.md5,/books/CSS_In_Depth/ch15/listing-15.06.html
1,0000059.md5,/books/CSS_In_Depth/ch15/listing-15.07.html
1,0000060.md5,/books/CSS_In_Depth/ch15/listing-15.10.html
1,0000061.md5,/books/CSS_In_Depth/ch16/listing-16.6.html
1,0000062.md5,/books/CSS_In_Depth/ch16/listing-16.7.html
1,0000115.md5,/books/CSS_Mastery/chapter-06/06-24-flexbox-navbar-nowidth.html
1,0000116.md5,/books/CSS_Mastery/chapter-06/06-25-flexbox-navbar-row-reverse.html
1,0000117.md5,/books/CSS_Mastery/chapter-06/06-26-flexbox-navbar-justify-flexend.html
1,0000118.md5,/books/CSS_Mastery/chapter-06/06-27-flexbox-navbar-justify-center.html
1,0000119.md5,/books/CSS_Mastery/chapter-06/06-28-flexbox-navbar-justify-spacebetween.html
1,0000120.md5,/books/CSS_Mastery/chapter-06/06-29-flexbox-navbar-justify-spacearound.html
1,0000121.md5,/books/CSS_Mastery/chapter-06/06-30-flexbox-navbar-marginauto.html
1,0000122.md5,/books/CSS_Mastery/chapter-06/06-31-flexbox-navbar-align-stretch.html
1,0000123.md5,/books/CSS_Mastery/chapter-06/06-32-flexbox-navbar-align-start.html
1,0000124.md5,/books/CSS_Mastery/chapter-06/06-33-flexbox-navbar-align-center.html
1,0000125.md5,/books/CSS_Mastery/chapter-06/06-34-flexbox-navbar-align-end.html
1,0000126.md5,/books/CSS_Mastery/chapter-06/06-35-flexbox-navbar-align-baseline.html
1,0000127.md5,/books/CSS_Mastery/chapter-06/06-36-flexbox-navbar-align-self.html
1,0000128.md5,/books/CSS_Mastery/chapter-06/06-37-flexbox-vertical-centering.html
1,0000129.md5,/books/CSS_Mastery/chapter-06/06-38-flexbox-vertical-centering-author-info.html
1,0000130.md5,/books/CSS_Mastery/chapter-06/06-44-flexbox-navbar-flexsize-grow-2-1.html
1,0000131.md5,/books/CSS_Mastery/chapter-06/06-47-flexbox-taglist-wrap.html
1,0000132.md5,/books/CSS_Mastery/chapter-06/06-48-flexbox-taglist-wrap-row-reverse.html
1,0000133.md5,/books/CSS_Mastery/chapter-06/06-49-flexbox-taglist-wrap-reverse-row-reverse.html
1,0000134.md5,/books/CSS_Mastery/chapter-06/06-50-flexbox-taglist-wrap-flex.html
1,0000135.md5,/books/CSS_Mastery/chapter-06/06-52-flexbox-taglist-wrap-flex-max-width.html
1,0000136.md5,/books/CSS_Mastery/chapter-06/06-53-1-flexbox-taglist-wrap-align-content-flex-end.html
1,0000137.md5,/books/CSS_Mastery/chapter-06/06-53-flexbox-taglist-wrap-align-content-stretch.html
1,0000138.md5,/books/CSS_Mastery/chapter-06/06-54-flexbox-column-order-teaser.html
1,0000139.md5,/books/CSS_Mastery/chapter-06/06-57-flexbox-nested-teasers-auto-margin.html
1,0000140.md5,/books/CSS_Mastery/chapter-06/06-XX-flexbox-navbar-width.html
1,0000147.md5,/books/CSS_Mastery/chapter-07/07-16-flexbox-columns-equalheight.html
1,0000153.md5,/books/CSS_Mastery/chapter-07/07-27-grid-layout-template.html
1,0000154.md5,/books/CSS_Mastery/chapter-07/07-29-grid-layout-template-more-ads.html
1,0000159.md5,/books/CSS_Mastery/chapter-08/08-05-responsive-news.html
1,0000162.md5,/books/CSS_Mastery/chapter-08/08-13-responsive-flexbox-widget.html
1,0000163.md5,/books/CSS_Mastery/chapter-08/08-17-responsive-news-grid.html
1,0000165.md5,/books/CSS_Mastery/chapter-08/08-20-responsive-news-srcset-x.html
1,0000166.md5,/books/CSS_Mastery/chapter-08/08-XX-responsive-news-picture.html
1,0000167.md5,/books/CSS_Mastery/chapter-08/08-XX-responsive-news-srcset.html
1,0000171.md5,/books/CSS_Mastery/chapter-09/09-21-advanced-form.html
1,0000375.md5,/books/HTML5_and_CSS3/examples/ch09/01_intro.html
1,0000376.md5,/books/HTML5_and_CSS3/examples/ch09/02_first_flexbox.html
1,0000377.md5,/books/HTML5_and_CSS3/examples/ch09/03_main_axis_alignment.html
1,0000378.md5,/books/HTML5_and_CSS3/examples/ch09/04_cross_axis_alignment.html
1,0000379.md5,/books/HTML5_and_CSS3/examples/ch09/05_wrap_alignment.html
1,0000380.md5,/books/HTML5_and_CSS3/examples/ch09/06_flex-basis.html
1,0000381.md5,/books/HTML5_and_CSS3/examples/ch09/06_flex-grow.html
1,0000382.md5,/books/HTML5_and_CSS3/examples/ch09/06_flex-shrink.html
1,0000383.md5,/books/HTML5_and_CSS3/examples/ch09/06_flex.html
1,0000384.md5,/books/HTML5_and_CSS3/examples/ch09/07_order.html
1,0000463.md5,/books/Pro_CSS3_Layout_Techniques/chapter5/chapter5.html
1,0000768.md5,/books/Responsive_Web_Design/Chapter04/example_04-03/index.html
1,0000769.md5,/books/Responsive_Web_Design/Chapter04/example_04-07/index.html
1,0000770.md5,/books/Responsive_Web_Design/Chapter04/example_04-09/index.html
1,0000771.md5,/books/Responsive_Web_Design/Chapter05/example_05-01/index.html
1,0000772.md5,/books/Responsive_Web_Design/Chapter05/example_05-02/index.html
1,0000773.md5,/books/Responsive_Web_Design/Chapter05/example_05-03/index.html
1,0000774.md5,/books/Responsive_Web_Design/Chapter05/example_05-04/index.html
1,0000775.md5,/books/Responsive_Web_Design/Chapter05/example_05-05/index.html
1,0000776.md5,/books/Responsive_Web_Design/Chapter05/example_05-06/index.html
1,0000777.md5,/books/Responsive_Web_Design/Chapter05/example_05-07/index.html
1,0000779.md5,/books/Responsive_Web_Design/Chapter06/example_06-02/index.html
1,0000783.md5,/books/Responsive_Web_Design/Chapter06/example_06-09/index.html
1,0000784.md5,/books/Responsive_Web_Design/Chapter06/example_06-10/index.html
1,0000798.md5,/books/Responsive_Web_Design/Chapter09/example_09-01/index.html
1,0000801.md5,/books/Responsive_Web_Design/Chapter09/example_09-04/index.html
1,0000802.md5,/books/Responsive_Web_Design/Chapter09/example_09-07/index.html
1,0000804.md5,/books/Responsive_Web_Design/Chapter10/example_10-02/index.html
1,0000805.md5,/books/Responsive_Web_Design/Chapter11/example_11-02/index.html
1,0000715.md5,/demos/alignment_flex.html
1,0000717.md5,/demos/bottomnavigation.html
1,0000726.md5,/demos/flexbox.html
1,0000727.md5,/demos/flexbox_content.html
1,0000728.md5,/demos/flexbox_self.html
1,0000729.md5,/demos/flexbox_vertical.html
1,0000730.md5,/demos/flexbox_wrap.html
1,0000758.md5,/demos/verticalalign.html
1,0000887.md5,/books/Tailwind_CSS/card-product-1.html
1,0000888.md5,/books/Tailwind_CSS/card-product-2.html
1,0000889.md5,/books/Tailwind_CSS/login-form-6.html
1,0000890.md5,/books/Tailwind_CSS/responsive-login-page.html
1,0000891.md5,/books/Tailwind_CSS/sign-up-form-1.html